<?xml version="1.0" encoding="UTF-8"?>
<root>
  <item name="com.brioal.drawableview.render.scenery.ElectricFanLoadingRenderer mMode">
    <annotation name="android.support.annotation.IntDef">
      <val name="value" val="{com.brioal.drawableview.render.scenery.ElectricFanLoadingRenderer.MODE_NORMAL, com.brioal.drawableview.render.scenery.ElectricFanLoadingRenderer.MODE_LEAF_COUNT}" />
    </annotation>
  </item>
  <item name="com.brioal.drawableview.render.scenery.ElectricFanLoadingRenderer.MODE">
    <annotation name="android.support.annotation.IntDef">
      <val name="value" val="{com.brioal.drawableview.render.scenery.ElectricFanLoadingRenderer.MODE_NORMAL, com.brioal.drawableview.render.scenery.ElectricFanLoadingRenderer.MODE_LEAF_COUNT}" />
    </annotation>
  </item>
</root>

